block, interEventInt, eventType, lag, studiedX, studiedY, image, lure, targetLeft, respLeft, tafcACC, tafcRT, recalledX, recalledY, recallError, recallRT
1,2,study,23,-317.642913192,-66.7968865835,Aglass58.png,NA,NA,NA,NA,NA,NA,NA,NA,NA
1,2,study,10,145.41536209,-66.5746504358,ACUSHIO12.png,NA,NA,NA,NA,NA,NA,NA,NA,NA
1,2,study,23,-125.254251169,-378.4048432,Aadjustablec2.png,NA,NA,NA,NA,NA,NA,NA,NA,NA
1,2,study,0,270.967688968,-204.056494578,Ababseat2.png,NA,NA,NA,NA,NA,NA,NA,NA,NA
1,2,test1,0,270.967688968,-204.056494578,Ababseat2.png,26394018.thl.png,0,0,1,1.40413700975,200,-195,71.5432244972,1.23129193066
1,2,study,1,141.268003866,61.3234856128,Asandal7.png,NA,NA,NA,NA,NA,NA,NA,NA,NA
1,2,study,2,214.623241569,217.314132326,Abox80.png,NA,NA,NA,NA,NA,NA,NA,NA,NA
1,2,test1,1,141.268003866,61.3234856128,Asandal7.png,26772987.thl.png,1,1,1,1.52058711974,131,150,89.2690097808,1.16752710845
1,2,test1,2,214.623241569,217.314132326,Abox80.png,23041782.thl.png,1,1,1,1.80883047497,-147,181,363.441996816,1.59802419972
1,2,test1,10,145.41536209,-66.5746504358,ACUSHIO12.png,22822309.thl.png,1,1,1,1.50559066143,150,-45,22.0563924112,1.47619544901
1,2,study,24,200.980351647,49.7425217791,8052266.thl.png,NA,NA,NA,NA,NA,NA,NA,NA,NA
1,2,study,25,55.1557451275,359.475177155,8021410.thl.png,NA,NA,NA,NA,NA,NA,NA,NA,NA
1,2,study,12,-117.769685932,132.446898498,Acork6.png,NA,NA,NA,NA,NA,NA,NA,NA,NA
1,2,study,1,145.995818846,-331.019963422,26688546.thl.png,NA,NA,NA,NA,NA,NA,NA,NA,NA
1,2,study,24,-370.580582878,-75.2237180519,26424291.thl.png,NA,NA,NA,NA,NA,NA,NA,NA,NA
1,2,test1,1,145.995818846,-331.019963422,26688546.thl.png,26421382.thl.png,0,0,1,1.56915760133,94,-289,66.8523934009,1.69534767466
1,2,study,25,315.897614387,-51.4653955867,26421740.thl.png,NA,NA,NA,NA,NA,NA,NA,NA,NA
1,2,study,11,-20.5413359047,-207.827238009,Abicyclerepa3.png,NA,NA,NA,NA,NA,NA,NA,NA,NA
1,2,study,12,-230.712342567,73.2797398165,Abeany2.png,NA,NA,NA,NA,NA,NA,NA,NA,NA
1,2,test1,23,-317.642913192,-66.7968865835,Aglass58.png,9815480.thl.png,0,1,0,2.26085838489,-150,-190,208.04603697,1.60153503763
1,2,test1,23,-125.254251169,-378.4048432,Aadjustablec2.png,ACUSHIO60.png,1,1,1,1.86225215392,262,75,596.273265278,0.935452615842
1,2,study,2,154.828899205,8.53914921165,26375641.thl.png,NA,NA,NA,NA,NA,NA,NA,NA,NA
1,2,test1,12,-117.769685932,132.446898498,Acork6.png,AFOODBLEN.png,1,0,0,3.91983165499,-2,1,175.159662325,0.236240296625
1,2,test1,2,154.828899205,8.53914921165,26375641.thl.png,Abinocularca3.png,1,1,1,1.92123302724,-364,-127,536.240885815,2.14315597294
1,2,study,11,35.2498689648,155.467395476,Aabacus.png,NA,NA,NA,NA,NA,NA,NA,NA,NA
1,2,test1,11,-20.5413359047,-207.827238009,Abicyclerepa3.png,Aclamp62.png,0,0,1,2.25113135064,-125,132,355.519569359,0.985543963965
1,2,test1,12,-230.712342567,73.2797398165,Abeany2.png,Apinkshoe.png,1,1,1,1.22778626531,-135,47,99.2546081774,4.34324328089
1,2,study,10,-6.19602556194,190.2678062,8255336.thl.png,NA,NA,NA,NA,NA,NA,NA,NA,NA
1,2,test1,24,200.980351647,49.7425217791,8052266.thl.png,ACOWCREAM.png,1,1,1,2.70193392085,-292,-267,585.965401891,0.867246697657
1,2,test1,25,55.1557451275,359.475177155,8021410.thl.png,Acampingknife.png,1,NA,NA,NA,NA,NA,NA,NA
1,2,test1,24,-370.580582878,-75.2237180519,26424291.thl.png,ACHAIR.png,1,1,1,1.39278275194,-297,-114,83.1727252074,1.54720929964
1,2,test1,11,35.2498689648,155.467395476,Aabacus.png,Adress6.png,1,1,1,1.42496775882,113,123,84.2568373785,1.31847780431
1,2,test1,25,315.897614387,-51.4653955867,26421740.thl.png,26424478.thl.png,1,1,1,1.18673743634,67,127,306.267725804,1.20920941234
1,2,test1,10,-6.19602556194,190.2678062,8255336.thl.png,Arecordplaye2.png,0,0,1,1.69007059699,253,-112,398.181373663,1.36459357664
1,2,study,0,292.191860656,261.811992876,Aboardgame2.png,NA,NA,NA,NA,NA,NA,NA,NA,NA
1,2,test1,0,292.191860656,261.811992876,Aboardgame2.png,22925624.thl.png,0,0,1,1.03652447648,250,203,72.3809616661,1.40768561652
1,2,study,0,346.239174948,121.423108041,26440422.thl.png,NA,NA,NA,NA,NA,NA,NA,NA,NA
1,2,test1,0,346.239174948,121.423108041,26440422.thl.png,8248429.thl.png,0,0,1,0.89526775945,411,149,70.3878500273,2.32055877661
1,2,study,23,-29.0870926062,-307.194053248,AFLUTE6.png,NA,NA,NA,NA,NA,NA,NA,NA,NA
1,2,study,10,-236.580955639,-40.5504604121,8245419.thl.png,NA,NA,NA,NA,NA,NA,NA,NA,NA
1,2,study,24,-229.951748314,330.582445678,Aconchshe.png,NA,NA,NA,NA,NA,NA,NA,NA,NA
1,2,study,0,308.643537902,-116.844601568,ABANJO5.png,NA,NA,NA,NA,NA,NA,NA,NA,NA
1,2,test1,0,308.643537902,-116.844601568,ABANJO5.png,Ababmonit.png,1,1,1,1.93275777157,343,-112,34.6963492636,1.21662763972
1,2,study,23,-103.356600987,375.476563571,ASCALE30.png,NA,NA,NA,NA,NA,NA,NA,NA,NA
1,2,study,12,5.65456808533,-426.354021174,ABPIECE2.png,NA,NA,NA,NA,NA,NA,NA,NA,NA
1,2,study,24,-265.04375193,-157.72113365,driverlicencepitt.png,NA,NA,NA,NA,NA,NA,NA,NA,NA
1,2,study,25,-216.551848536,-280.158130758,ASKIPROP2.png,NA,NA,NA,NA,NA,NA,NA,NA,NA
1,2,study,11,-265.089060558,-98.5282720141,Acamcorde.png,NA,NA,NA,NA,NA,NA,NA,NA,NA
1,2,study,25,-291.359083284,124.607200978,26455183.thl.png,NA,NA,NA,NA,NA,NA,NA,NA,NA
1,2,test1,10,-236.580955639,-40.5504604121,8245419.thl.png,ACONSTHA2.png,0,0,1,2.30038319249,113,-184,377.86851543,1.10713015962
1,2,study,1,173.254402212,118.324299862,22875816.thl.png,NA,NA,NA,NA,NA,NA,NA,NA,NA
1,2,study,2,-51.5621962592,255.744703351,ACOMB5.png,NA,NA,NA,NA,NA,NA,NA,NA,NA
1,2,test1,1,173.254402212,118.324299862,22875816.thl.png,26424133.thl.png,1,1,1,1.31271645753,255,77,91.5971643489,1.22653559642
1,2,test1,2,-51.5621962592,255.744703351,ACOMB5.png,ANAPKIN4.png,0,0,1,3.28879663767,-268,-35,362.460763966,1.06294573657
1,2,test1,12,5.65456808533,-426.354021174,ABPIECE2.png,Aboxofchocola.png,0,0,1,1.43331492739,10,-326,100.448057942,1.25852249283
1,2,test1,11,-265.089060558,-98.5282720141,Acamcorde.png,Acampingcoffe.png,0,0,1,1.63433008781,-209,-205,120.342060705,1.4274675753
1,2,test1,23,-29.0870926062,-307.194053248,AFLUTE6.png,Asewingpin.png,0,0,1,1.90724602947,14,-256,66.9128435897,1.1058243271
1,2,study,12,-150.776245167,-88.2856543184,Aelectronicg9.png,NA,NA,NA,NA,NA,NA,NA,NA,NA
1,2,test1,24,-229.951748314,330.582445678,Aconchshe.png,ASUNBOX5.png,1,1,1,1.93261571508,-333,254,128.389303143,0.948537327349
1,2,study,11,-345.966940578,-182.441953995,Acandlehold17.png,NA,NA,NA,NA,NA,NA,NA,NA,NA
1,2,test1,23,-103.356600987,375.476563571,ASCALE30.png,Acompactdisc2.png,1,0,0,2.61547534354,130,-317,730.738731914,1.65864254627
1,2,study,10,-272.048984084,231.667761252,AHARMONS2.png,NA,NA,NA,NA,NA,NA,NA,NA,NA
1,2,test1,24,-265.04375193,-157.72113365,driverlicencepitt.png,Afirstaidkit3.png,0,0,1,1.69732178468,-278,-103,56.2340362409,2.67509028595
1,2,test1,25,-216.551848536,-280.158130758,ASKIPROP2.png,ABLLIGHTB.png,1,NA,NA,NA,NA,NA,NA,NA
1,2,test1,25,-291.359083284,124.607200978,26455183.thl.png,Apowerbar7.png,1,0,0,1.84359549964,267,217,565.951672139,1.21662145061
1,2,test1,12,-150.776245167,-88.2856543184,Aelectronicg9.png,Ahandbag50.png,1,1,1,1.57216685358,-401,143,340.741810432,2.51954111783
1,2,test1,11,-345.966940578,-182.441953995,Acandlehold17.png,Aantiquecigar.png,0,0,1,2.05302118091,321,-149,667.804809889,2.03750414774
1,2,test1,10,-272.048984084,231.667761252,AHARMONS2.png,Arubbergloves.png,0,0,1,2.35807541804,282,276,555.819776688,1.87055833638
1,2,study,1,-43.96470321,-371.104288831,AHANDPRE3.png,NA,NA,NA,NA,NA,NA,NA,NA,NA
1,2,study,2,-330.66226569,159.527075795,AELEAGEN3.png,NA,NA,NA,NA,NA,NA,NA,NA,NA
1,2,test1,1,-43.96470321,-371.104288831,AHANDPRE3.png,ALACES4.png,0,0,1,1.28943682741,-13,-356,34.4521753445,1.84774593776
1,2,test1,2,-330.66226569,159.527075795,AELEAGEN3.png,Acompass20.png,0,0,1,1.74621351343,304,-68,674.214180888,1.28811827628
1,2,study,24,-329.86656409,235.221400467,ACUTLERY5.png,NA,NA,NA,NA,NA,NA,NA,NA,NA
1,2,study,11,-59.5604209858,165.024349134,26377133.thl.png,NA,NA,NA,NA,NA,NA,NA,NA,NA
1,2,study,25,-178.195714964,230.585626157,26442809.thl.png,NA,NA,NA,NA,NA,NA,NA,NA,NA
1,2,study,12,-175.561380307,14.1878800237,Aclog6.png,NA,NA,NA,NA,NA,NA,NA,NA,NA
1,2,study,0,-108.652976726,308.374410672,26428057.thl.png,NA,NA,NA,NA,NA,NA,NA,NA,NA
1,2,test1,0,-108.652976726,308.374410672,26428057.thl.png,26378596.thl.png,1,1,1,1.31354599446,-69,241,78.1771691523,1.45854674233
1,2,study,23,-74.9859975989,-265.153015629,26373407.thl.png,NA,NA,NA,NA,NA,NA,NA,NA,NA
1,2,study,0,-145.430792449,-295.086854753,ABABYDOLL.png,NA,NA,NA,NA,NA,NA,NA,NA,NA
1,2,test1,0,-145.430792449,-295.086854753,ABABYDOLL.png,AGLASSCAS.png,0,0,1,1.32447993802,-112,-203,97.9673757025,1.54063006677
1,2,study,24,202.848005799,301.156173476,ADINGHY.png,NA,NA,NA,NA,NA,NA,NA,NA,NA
1,2,study,25,-171.4758854,131.770682982,ABOWARRO8.png,NA,NA,NA,NA,NA,NA,NA,NA,NA
1,2,test1,11,-59.5604209858,165.024349134,26377133.thl.png,Aclock213.png,0,0,1,1.73563056672,-27,211,56.3377447835,1.24603147199
1,2,study,2,315.614123048,32.100641255,26421368.thl.png,NA,NA,NA,NA,NA,NA,NA,NA,NA
1,2,test1,12,-175.561380307,14.1878800237,Aclog6.png,Acprmask2.png,1,1,1,1.36027654633,-232,0,58.194619446,1.65185312554
1,2,test1,2,315.614123048,32.100641255,26421368.thl.png,ABEERBOT5.png,1,1,1,2.13117242698,-190,49,505.896461494,1.00307612075
1,2,study,23,109.915305608,247.814115978,airbottle1.png,NA,NA,NA,NA,NA,NA,NA,NA,NA
1,2,study,1,-113.843804598,-156.141935332,Awhistl15.png,NA,NA,NA,NA,NA,NA,NA,NA,NA
1,2,study,10,244.07628969,-151.786949658,8020414.thl.png,NA,NA,NA,NA,NA,NA,NA,NA,NA
1,2,test1,1,-113.843804598,-156.141935332,Awhistl15.png,26434233.thl.png,0,0,1,1.18366454868,222,-181,336.762504543,1.1324927262
1,2,test1,24,-329.86656409,235.221400467,ACUTLERY5.png,8021822.thl.png,1,1,1,2.2801887691,-375,128,116.333381947,1.24481805693
1,2,study,12,195.506424072,-57.4123681945,AARCHERY.png,NA,NA,NA,NA,NA,NA,NA,NA,NA
1,2,test1,25,-178.195714964,230.585626157,26442809.thl.png,DSCN6303-sm.png,1,1,1,1.61080094846,-189,300,70.2501805769,0.959647426847
1,2,study,11,-376.970238925,-6.69053454471,Anotepad9.png,NA,NA,NA,NA,NA,NA,NA,NA,NA
1,2,test1,23,-74.9859975989,-265.153015629,26373407.thl.png,ADIAMCRYS.png,1,1,1,1.72433828143,-106,-312,56.1828113359,2.45619285665
1,2,test1,10,244.07628969,-151.786949658,8020414.thl.png,ADOGTOY.png,0,0,1,1.22897672141,235,-301,149.488840476,1.81766905217
1,2,study,10,170.203873134,-389.347030993,ACOMPACT.png,NA,NA,NA,NA,NA,NA,NA,NA,NA
1,2,test1,24,202.848005799,301.156173476,ADINGHY.png,Aframe196.png,1,1,1,1.89569256082,-307,126,539.096164078,1.59230475686
1,2,test1,25,-171.4758854,131.770682982,ABOWARRO8.png,gameboy.png,1,1,1,1.4726052219,343,82,516.877700759,1.196484257
1,2,test1,12,195.506424072,-57.4123681945,AARCHERY.png,8031659.thl.png,0,0,1,1.36136854813,257,46,120.314495286,1.09589284845
1,2,test1,11,-376.970238925,-6.69053454471,Anotepad9.png,ADOLL69.png,0,0,1,1.55348079419,-268,-279,293.303525291,0.872822496109
1,2,test1,23,109.915305608,247.814115978,airbottle1.png,AANTIRO13.png,1,1,1,1.73863453744,0,-359,616.688532208,0.938375374768
1,2,test1,10,170.203873134,-389.347030993,ACOMPACT.png,26461587.thl.png,0,0,1,1.70772459963,223,-334,76.4900310621,2.7920421171
1,2,study,1,46.5453900394,-308.835774141,dvdmovie.png,NA,NA,NA,NA,NA,NA,NA,NA,NA
1,2,study,2,140.312867976,-233.604869581,AARROWS2.png,NA,NA,NA,NA,NA,NA,NA,NA,NA
1,2,test1,1,46.5453900394,-308.835774141,dvdmovie.png,22910996.thl.png,1,1,1,1.2151547703,-61,-316,107.78375133,1.56327173766
1,2,test1,2,140.312867976,-233.604869581,AARROWS2.png,Adice10.png,1,1,1,1.38342606509,278,-231,137.711770269,1.0047845114
2,0,study,10,-127.454250526,390.315017558,26373844.thl.png,NA,NA,NA,NA,NA,NA,NA,NA,NA
2,0,study,2,-16.6007999725,-367.929039731,Atoyboxwithb2.png,NA,NA,NA,NA,NA,NA,NA,NA,NA
2,0,study,25,-245.035378258,-0.703112689782,AADDBOOK.png,NA,NA,NA,NA,NA,NA,NA,NA,NA
2,0,study,12,237.473238459,-221.717916397,Abottleofwin4.png,NA,NA,NA,NA,NA,NA,NA,NA,NA
2,0,test1,2,-16.6007999725,-367.929039731,Atoyboxwithb2.png,AFILEFOL4.png,1,1,1,2.43658397673,-116,276,651.555683864,1.05656806706
2,0,study,1,109.302104112,-154.986984714,26424443.thl.png,NA,NA,NA,NA,NA,NA,NA,NA,NA
2,0,study,24,-22.7206312726,389.480895452,excedrin.png,NA,NA,NA,NA,NA,NA,NA,NA,NA
2,0,test1,1,109.302104112,-154.986984714,26424443.thl.png,ASHAMPO2.png,1,1,1,1.70474645123,262,-165,153.025840575,1.17303201417
2,0,study,10,263.648687423,-141.094935333,Acomputerbag.png,NA,NA,NA,NA,NA,NA,NA,NA,NA
2,0,test1,10,-127.454250526,390.315017558,26373844.thl.png,26427111.thl.png,0,0,1,2.65872963471,222,-148,641.795396789,1.14143366041
2,0,study,12,201.487445252,19.9504864572,AFUNNEL4.png,NA,NA,NA,NA,NA,NA,NA,NA,NA
2,0,study,23,94.926103499,149.755805231,ALUNCHBO3.png,NA,NA,NA,NA,NA,NA,NA,NA,NA
2,0,study,24,-218.352483502,-225.503741004,22869912.thl.png,NA,NA,NA,NA,NA,NA,NA,NA,NA
2,0,test1,12,237.473238459,-221.717916397,Abottleofwin4.png,Aelectronicor.png,1,1,1,1.88576295879,-46,-256,285.538680704,1.12021388765
2,0,study,11,198.365025724,-63.3037383247,26374055.thl.png,NA,NA,NA,NA,NA,NA,NA,NA,NA
2,0,study,25,-166.122642246,-57.1123278383,Acalligraphy2.png,NA,NA,NA,NA,NA,NA,NA,NA,NA
2,0,study,2,163.263765019,-148.744107401,AWALKER11.png,NA,NA,NA,NA,NA,NA,NA,NA,NA
2,0,test1,10,263.648687423,-141.094935333,Acomputerbag.png,changepurse03.png,0,0,1,1.7066329103,-357,-70,624.707357913,1.07224711496
2,0,test1,2,163.263765019,-148.744107401,AWALKER11.png,ABIKLIGHT.png,1,1,1,1.80685371533,-44,-264,237.154357052,1.7181936428
2,0,study,23,-337.975238952,26.3201663096,ATOILBAG2.png,NA,NA,NA,NA,NA,NA,NA,NA,NA
2,0,test1,12,201.487445252,19.9504864572,AFUNNEL4.png,Acane116.png,1,1,1,2.25381699204,218,337,317.479225308,0.956643263809
2,0,test1,25,-245.035378258,-0.703112689782,AADDBOOK.png,26687176.thl.png,1,0,0,2.27917185891,188,61,437.409319675,1.51539213769
2,0,test1,11,198.365025724,-63.3037383247,26374055.thl.png,Abasket110.png,1,1,1,2.27602661354,-309,61,522.370260151,1.04024073575
2,0,test1,24,-22.7206312726,389.480895452,excedrin.png,ACOOKCUTT.png,0,0,1,2.92811947037,204,-182,614.811075463,1.12473086081
2,0,study,1,274.065132371,237.56853586,Agreencup2.png,NA,NA,NA,NA,NA,NA,NA,NA,NA
2,0,study,11,-296.693996088,-74.0306689652,22908308.thl.png,NA,NA,NA,NA,NA,NA,NA,NA,NA
2,0,test1,1,274.065132371,237.56853586,Agreencup2.png,AHUNTVES2.png,0,0,1,1.0426434665,197,80,175.404897653,1.38031099737
2,0,test1,23,94.926103499,149.755805231,ALUNCHBO3.png,Adigitalcamer.png,1,1,1,2.62929956801,-310,-30,443.031938814,1.05834223516
2,0,test1,24,-218.352483502,-225.503741004,22869912.thl.png,AKNIFE13.png,0,0,1,2.38184099132,204,-93,442.649818367,1.00534046395
2,0,study,0,303.404178056,26.63023921,Achildsplaype.png,NA,NA,NA,NA,NA,NA,NA,NA,NA
2,0,test1,0,303.404178056,26.63023921,Achildsplaype.png,26426317.thl.png,1,1,1,1.5175025505,213,46,92.4559519066,1.60052228952
2,0,test1,25,-166.122642246,-57.1123278383,Acalligraphy2.png,Aglasscontai3.png,0,0,1,2.58993451018,37,-151,223.771541481,1.22227354022
2,0,test1,11,-296.693996088,-74.0306689652,22908308.thl.png,311-863-217.png,0,0,1,2.5034249858,-303,-71,6.9964733774,1.31569669908
2,0,test1,23,-337.975238952,26.3201663096,ATOILBAG2.png,Abicycleglove.png,0,0,1,1.6582343434,-314,0,35.602854343,1.94755161088
2,0,study,0,-211.646828469,-296.246488108,26432148.thl.png,NA,NA,NA,NA,NA,NA,NA,NA,NA
2,0,test1,0,-211.646828469,-296.246488108,26432148.thl.png,AOTOSCOP5.png,1,1,1,1.7460524193,-254,-296,42.353888784,0.870886485558
2,0,study,25,188.582032926,-302.824055449,AJOYSTIC1.png,NA,NA,NA,NA,NA,NA,NA,NA,NA
2,0,study,11,344.385081492,247.769131933,8253370.thl.png,NA,NA,NA,NA,NA,NA,NA,NA,NA
2,0,study,12,-190.391911096,-354.172118963,ADRUM12.png,NA,NA,NA,NA,NA,NA,NA,NA,NA
2,0,study,1,-33.107989337,-257.845710474,B_makeupbag.png,NA,NA,NA,NA,NA,NA,NA,NA,NA
2,0,study,23,-6.91480320669,168.504761506,Abooties4.png,NA,NA,NA,NA,NA,NA,NA,NA,NA
2,0,test1,1,-33.107989337,-257.845710474,B_makeupbag.png,8021504.thl.png,0,0,1,1.08877599705,-170,-231,139.499515247,2.28642412927
2,0,study,24,-304.717098619,284.105277757,ACAMLENSE.png,NA,NA,NA,NA,NA,NA,NA,NA,NA
2,0,study,10,-78.9137285538,338.236730624,AANTFRYI2.png,NA,NA,NA,NA,NA,NA,NA,NA,NA
2,0,study,1,-179.02552786,188.073180829,A100FRAN3.png,NA,NA,NA,NA,NA,NA,NA,NA,NA
2,0,study,23,264.47020988,-270.882915877,26442719.thl.png,NA,NA,NA,NA,NA,NA,NA,NA,NA
2,0,test1,1,-179.02552786,188.073180829,A100FRAN3.png,ALOOFA.png,0,0,1,2.19769494701,-259,46,163.035900663,1.80655600829
2,0,test1,11,344.385081492,247.769131933,8253370.thl.png,ADRESS2.png,1,1,1,2.32394025009,-270,-131,721.758327742,2.15583409695
2,0,test1,12,-190.391911096,-354.172118963,ADRUM12.png,AFIRSTA15.png,0,0,1,2.59346756758,208,172,659.979706961,0.880228110589
2,0,study,24,248.789167682,313.253956984,26391514.thl.png,NA,NA,NA,NA,NA,NA,NA,NA,NA
2,0,study,11,-29.908824138,-426.906798168,Apocketwatch.png,NA,NA,NA,NA,NA,NA,NA,NA,NA
2,0,test1,10,-78.9137285538,338.236730624,AANTFRYI2.png,Aextensionco8.png,1,1,1,1.67420254508,208,-193,603.764814805,1.58854831336
2,0,study,2,321.411181181,-182.36243768,8021743.thl.png,NA,NA,NA,NA,NA,NA,NA,NA,NA
2,0,study,25,-268.142611897,230.347328035,26424087.thl.png,NA,NA,NA,NA,NA,NA,NA,NA,NA
2,0,study,12,-26.1315125395,-203.141301664,Aacupuncture2.png,NA,NA,NA,NA,NA,NA,NA,NA,NA
2,0,test1,2,321.411181181,-182.36243768,8021743.thl.png,Arubberducky2.png,0,0,1,1.40694964584,164,-265,177.784270021,1.91562726162
2,0,test1,25,188.582032926,-302.824055449,AJOYSTIC1.png,Atennisball2.png,1,1,1,3.62900589406,-408,0,669.038512022,1.44368539378
2,0,test1,23,-6.91480320669,168.504761506,Abooties4.png,Acannedaspa10.png,0,0,1,1.750084389,-4,291,122.529912803,0.927392489742
2,0,test1,11,-29.908824138,-426.906798168,Apocketwatch.png,8079436.thl.png,0,0,1,1.91613931395,147,208,659.092842032,1.32518236246
2,0,test1,24,-304.717098619,284.105277757,ACAMLENSE.png,Abandleaders2.png,0,0,1,2.64540011808,307,28,663.164928232,1.29154701531
2,0,test1,23,264.47020988,-270.882915877,26442719.thl.png,26433849.thl.png,1,1,1,3.03106338717,-395,-100,681.25026874,1.49685253808
2,0,test1,12,-26.1315125395,-203.141301664,Aacupuncture2.png,Abicycleshoe.png,1,0,0,2.09280533856,246,296,568.504704592,1.1117110448
2,0,study,0,-180.69650253,268.842276623,ACOFFPOT3.png,NA,NA,NA,NA,NA,NA,NA,NA,NA
2,0,test1,0,-180.69650253,268.842276623,ACOFFPOT3.png,Ababytableand.png,0,NA,NA,NA,NA,NA,NA,NA
2,0,study,10,181.717368623,77.1912783826,8055181.thl.png,NA,NA,NA,NA,NA,NA,NA,NA,NA
2,0,test1,24,248.789167682,313.253956984,26391514.thl.png,26387690.thl.png,0,0,1,1.29599970253,308,59,261.057459778,1.1549960128
2,0,study,0,-332.595830873,-29.9877614348,corkscrew02.png,NA,NA,NA,NA,NA,NA,NA,NA,NA
2,0,test1,0,-332.595830873,-29.9877614348,corkscrew02.png,AELECRAZ7.png,0,0,1,1.20985413762,-360,2,42.1213172535,1.55995719414
2,0,study,2,143.672566465,227.038618694,26424075.thl.png,NA,NA,NA,NA,NA,NA,NA,NA,NA
2,0,test1,25,-268.142611897,230.347328035,26424087.thl.png,ACURLRIB2.png,0,0,1,2.96343329549,252,-142,639.680286867,1.89749669237
2,0,test1,2,143.672566465,227.038618694,26424075.thl.png,Apairofrubbe3.png,1,1,1,1.29063153593,-199,-266,600.426154769,1.15049735876
2,0,test1,10,181.717368623,77.1912783826,8055181.thl.png,AFLOURBA2.png,0,0,1,2.31755024381,387,80,205.301845247,1.03030061675
2,0,study,23,128.540704896,-344.597578691,Alighter12.png,NA,NA,NA,NA,NA,NA,NA,NA,NA
2,0,study,25,-74.5104353841,168.394544933,Agrater10.png,NA,NA,NA,NA,NA,NA,NA,NA,NA
2,0,study,10,46.1873659902,-264.884910186,Ahandheldmir3.png,NA,NA,NA,NA,NA,NA,NA,NA,NA
2,0,study,1,283.82518637,187.576779507,AFIREPANT.png,NA,NA,NA,NA,NA,NA,NA,NA,NA
2,0,study,11,347.098826566,147.163097079,26389125.thl.png,NA,NA,NA,NA,NA,NA,NA,NA,NA
2,0,test1,1,283.82518637,187.576779507,AFIREPANT.png,26374787.thl.png,0,0,1,2.80369994091,263,-155,343.209175642,1.03199946741
2,0,study,11,-276.677518364,-262.549273429,Ababycup2.png,NA,NA,NA,NA,NA,NA,NA,NA,NA
2,0,study,2,-379.87997901,80.5303121883,Ablackleather.png,NA,NA,NA,NA,NA,NA,NA,NA,NA
2,0,study,12,-80.842138477,-137.443407675,26434250.thl.png,NA,NA,NA,NA,NA,NA,NA,NA,NA
2,0,study,24,95.9656881814,394.704720328,AAGATE.png,NA,NA,NA,NA,NA,NA,NA,NA,NA
2,0,test1,2,-379.87997901,80.5303121883,Ablackleather.png,Afloppydisk6.png,1,1,1,2.17701284448,-371,215,134.762572576,1.42843245249
2,0,test1,10,46.1873659902,-264.884910186,Ahandheldmir3.png,AMASCARA.png,0,0,1,2.31806383887,292,-91,301.097680212,1.0644017309
2,0,study,25,122.145157202,-226.594001269,26377777.thl.png,NA,NA,NA,NA,NA,NA,NA,NA,NA
2,0,test1,11,347.098826566,147.163097079,26389125.thl.png,ABOOK23.png,0,1,0,1.7872581589,-353,-97,741.453966834,1.34156806348
2,0,study,24,359.304221246,14.4754540002,Abrownbagwith.png,NA,NA,NA,NA,NA,NA,NA,NA,NA
2,0,test1,11,-276.677518364,-262.549273429,Ababycup2.png,Acamerabag.png,1,1,1,2.48522364954,-204,-196,98.543530835,1.48130195914
2,0,study,23,-181.897715889,-189.025320573,ASAFE.png,NA,NA,NA,NA,NA,NA,NA,NA,NA
2,0,test1,12,-80.842138477,-137.443407675,26434250.thl.png,ACURLIR13.png,1,1,1,1.2958544814,-167,-58,117.193993554,1.26336723287
2,0,test1,23,128.540704896,-344.597578691,Alighter12.png,Aboots56.png,0,0,1,1.64487525076,114,-247,98.6748167728,1.34331252566
2,0,study,2,-247.326260259,132.526289926,26466258.thl.png,NA,NA,NA,NA,NA,NA,NA,NA,NA
2,0,test1,25,-74.5104353841,168.394544933,Agrater10.png,26421357.thl.png,1,1,1,1.89863968641,195,208,272.404968479,1.17545096762
2,0,test1,2,-247.326260259,132.526289926,26466258.thl.png,26423873.thl.png,1,1,1,1.37161261775,-168,153,81.925749132,1.35487169446
2,0,study,0,404.468984371,55.4517812613,8254014.thl.png,NA,NA,NA,NA,NA,NA,NA,NA,NA
2,0,test1,0,404.468984371,55.4517812613,8254014.thl.png,ACURLER.png,0,0,1,1.26065269811,281,104,132.670718865,1.02671957761
2,0,study,12,-50.4196692273,291.786363879,ACLARINE5.png,NA,NA,NA,NA,NA,NA,NA,NA,NA
2,0,test1,24,95.9656881814,394.704720328,AAGATE.png,Agraduationh2.png,0,0,1,2.19048658013,280,-47,478.509861848,2.37416217523
2,0,study,1,44.661217007,-399.150381983,AMAKEUPMI.png,NA,NA,NA,NA,NA,NA,NA,NA,NA
2,0,study,10,184.730654452,165.931018341,APUTTER.png,NA,NA,NA,NA,NA,NA,NA,NA,NA
2,0,test1,1,44.661217007,-399.150381983,AMAKEUPMI.png,ADENSYRIN.png,1,1,1,2.4413562594,-317,-111,462.416996362,1.4536874434
2,0,test1,25,122.145157202,-226.594001269,26377777.thl.png,Agardeningrak.png,0,0,1,2.22329874244,166,93,322.588860446,1.23617947288
2,0,test1,24,359.304221246,14.4754540002,Abrownbagwith.png,ACHEESEGR.png,0,0,1,2.33161235927,-199,144,573.131932,1.06116370391
2,0,test1,23,-181.897715889,-189.025320573,ASAFE.png,ABALLYAR4.png,0,0,1,1.42188226944,-208,-146,50.3240245434,1.28889182815
2,0,test1,12,-50.4196692273,291.786363879,ACLARINE5.png,Achampagnebo2.png,0,0,1,0.986795436125,-28,265,34.9306578544,2.97007134231
2,0,test1,10,184.730654452,165.931018341,APUTTER.png,Aseat3.png,0,0,1,1.45943549089,238,134,62.1064659066,1.17288442049
2,0,study,0,-332.271087659,110.54763876,22911908.thl.png,NA,NA,NA,NA,NA,NA,NA,NA,NA
2,0,test1,0,-332.271087659,110.54763876,22911908.thl.png,8257947.thl.png,1,1,1,0.951844821684,-266,140,72.5210220704,1.43825958576
